{
	"credit": "Made with Blockbench By vk.com/3dmmc",
	"parent": "anubis_staff",
	"ambientocclusion": false,
	"texture_size": [64, 64],
	"textures": {
		"0": "item/anubis_staff",
		"particle": "item/anubis_staff"
	},
	"elements": [
		{
			"name": "rune",
			"from": [7, 19, 7],
			"to": [9, 21, 9],
			"rotation": {"angle": 0, "axis": "y", "origin": [8, 20, 8]},
			"faces": {
				"north": {"uv": [9, 6, 9.5, 6.5], "texture": "#0"},
				"east": {"uv": [8.25, 9, 8.75, 9.5], "texture": "#0"},
				"south": {"uv": [9.25, 0, 9.75, 0.5], "texture": "#0"},
				"west": {"uv": [9.25, 1.75, 9.75, 2.25], "texture": "#0"},
				"up": {"uv": [9.75, 3, 9.25, 2.5], "texture": "#0"},
				"down": {"uv": [9.75, 3, 9.25, 3.5], "texture": "#0"}
			}
		},
		{
			"from": [7, -3, 7],
			"to": [9, 17, 9],
			"rotation": {"angle": 0, "axis": "y", "origin": [7, 2, 7]},
			"faces": {
				"north": {"uv": [4.5, 0, 5, 5], "texture": "#0"},
				"east": {"uv": [5, 0, 5.5, 5], "texture": "#0"},
				"south": {"uv": [4.5, 5, 5, 10], "texture": "#0"},
				"west": {"uv": [5, 5, 5.5, 10], "texture": "#0"},
				"up": {"uv": [9.25, 0.5, 8.75, 0], "texture": "#0"},
				"down": {"uv": [9.25, 1.75, 8.75, 2.25], "texture": "#0"}
			}
		},
		{
			"from": [7, 21, 6],
			"to": [9, 22, 10],
			"rotation": {"angle": 0, "axis": "y", "origin": [7, 8, 7]},
			"faces": {
				"north": {"uv": [8.25, 1.75, 8.75, 2], "texture": "#0"},
				"east": {"uv": [8.75, 0.5, 9.75, 0.75], "texture": "#0"},
				"south": {"uv": [9.25, 5.25, 9.75, 5.5], "texture": "#0"},
				"west": {"uv": [8.75, 2.25, 9.75, 2.5], "texture": "#0"},
				"up": {"uv": [7.75, 4, 7.25, 3], "texture": "#0"},
				"down": {"uv": [7.75, 4, 7.25, 5], "texture": "#0"}
			}
		},
		{
			"from": [7, 22, 6],
			"to": [9, 23, 8],
			"rotation": {"angle": 0, "axis": "y", "origin": [7, 9, 7]},
			"faces": {
				"north": {"uv": [9.25, 5.5, 9.75, 5.75], "texture": "#0"},
				"east": {"uv": [9.25, 5.75, 9.75, 6], "texture": "#0"},
				"south": {"uv": [6.5, 9.25, 7, 9.5], "texture": "#0"},
				"west": {"uv": [9.25, 6.75, 9.75, 7], "texture": "#0"},
				"up": {"uv": [9.25, 3, 8.75, 2.5], "texture": "#0"},
				"down": {"uv": [9.25, 3, 8.75, 3.5], "texture": "#0"}
			}
		},
		{
			"from": [7, 23, 6],
			"to": [9, 24, 9],
			"rotation": {"angle": 0, "axis": "y", "origin": [7, 10, 7]},
			"faces": {
				"north": {"uv": [9.25, 7, 9.75, 7.25], "texture": "#0"},
				"east": {"uv": [9, 6.5, 9.75, 6.75], "texture": "#0"},
				"south": {"uv": [9.25, 7.25, 9.75, 7.5], "texture": "#0"},
				"west": {"uv": [9.25, 3.5, 10, 3.75], "texture": "#0"},
				"up": {"uv": [8.25, 7.75, 7.75, 7], "texture": "#0"},
				"down": {"uv": [8.25, 7.75, 7.75, 8.5], "texture": "#0"}
			}
		},
		{
			"from": [7.5, 23, 9],
			"to": [8.5, 23, 10],
			"rotation": {"angle": 0, "axis": "y", "origin": [7.5, 10, 8]},
			"faces": {
				"north": {"uv": [10, 3, 10.75, 3.25], "texture": "#0"},
				"east": {"uv": [10, 3, 10.75, 3.25], "texture": "#0"},
				"south": {"uv": [10, 3, 10.75, 3.25], "texture": "#0"},
				"west": {"uv": [10, 3, 10.75, 3.25], "texture": "#0"},
				"up": {"uv": [10.25, 5.75, 10, 5.5], "texture": "#0"},
				"down": {"uv": [10, 5.75, 10.25, 5.5], "texture": "#0"}
			}
		},
		{
			"from": [7, 19, 9],
			"to": [9, 21, 10],
			"rotation": {"angle": 0, "axis": "y", "origin": [7, 8, 7]},
			"faces": {
				"north": {"uv": [8.75, 3.5, 9.25, 4], "texture": "#0"},
				"east": {"uv": [7.5, 9, 7.75, 9.5], "texture": "#0"},
				"south": {"uv": [8.75, 4, 9.25, 4.5], "texture": "#0"},
				"west": {"uv": [9.25, 7.5, 9.5, 8], "texture": "#0"},
				"up": {"uv": [8.25, 9.5, 7.75, 9.25], "texture": "#0"},
				"down": {"uv": [9.75, 8, 9.25, 8.25], "texture": "#0"}
			}
		},
		{
			"from": [7, 17, 6],
			"to": [9, 19, 10],
			"rotation": {"angle": 0, "axis": "y", "origin": [7, 7, 6]},
			"faces": {
				"north": {"uv": [8.75, 4.5, 9.25, 5], "texture": "#0"},
				"east": {"uv": [7.25, 5, 8.25, 5.5], "texture": "#0"},
				"south": {"uv": [8.75, 5, 9.25, 5.5], "texture": "#0"},
				"west": {"uv": [7.25, 5.5, 8.25, 6], "texture": "#0"},
				"up": {"uv": [8, 7, 7.5, 6], "texture": "#0"},
				"down": {"uv": [7, 7.5, 6.5, 8.5], "texture": "#0"}
			}
		},
		{
			"from": [8, -16, 1],
			"to": [8.025, 32, 12],
			"rotation": {"angle": 0, "axis": "y", "origin": [7, 10, 7]},
			"faces": {
				"north": {"uv": [10.5, 3.75, 10.25, 3.5], "texture": "#0"},
				"east": {"uv": [4, 0, 1.25, 12], "texture": "#0"},
				"south": {"uv": [10.5, 3.75, 10.25, 3.5], "texture": "#0"},
				"west": {"uv": [1.25, 0, 4, 12], "texture": "#0"},
				"up": {"uv": [10.5, 3.75, 10.25, 3.5], "texture": "#0"},
				"down": {"uv": [10.5, 3.75, 10.25, 3.5], "texture": "#0"}
			}
		},
		{
			"from": [6.75, 22.75, 5.75],
			"to": [9.25, 24.25, 9.25],
			"rotation": {"angle": 0, "axis": "y", "origin": [7, 10, 7]},
			"faces": {
				"north": {"uv": [9.25, 8.25, 9.75, 8.5], "texture": "#0"},
				"east": {"uv": [9.25, 3.75, 10, 4], "texture": "#0"},
				"south": {"uv": [9.25, 8.5, 9.75, 8.75], "texture": "#0"},
				"west": {"uv": [9.25, 4, 10, 4.25], "texture": "#0"},
				"up": {"uv": [8.5, 6.75, 8, 6], "texture": "#0"},
				"down": {"uv": [8.75, 0, 8.25, 0.75], "texture": "#0"}
			}
		},
		{
			"from": [6.75, 17.75, 8.75],
			"to": [9.25, 22.25, 10.25],
			"rotation": {"angle": 0, "axis": "y", "origin": [7, 7, 7]},
			"faces": {
				"north": {"uv": [7.75, 0, 8.25, 1], "texture": "#0"},
				"east": {"uv": [7.25, 7.5, 7.5, 8.5], "texture": "#0"},
				"south": {"uv": [7.75, 1, 8.25, 2], "texture": "#0"},
				"west": {"uv": [7.25, 8.5, 7.5, 9.5], "texture": "#0"},
				"up": {"uv": [9.25, 9.5, 8.75, 9.25], "texture": "#0"},
				"down": {"uv": [9.75, 8.75, 9.25, 9], "texture": "#0"}
			}
		},
		{
			"from": [6.76, 16.76, 5.76],
			"to": [9.24, 19.24, 10.24],
			"rotation": {"angle": 0, "axis": "y", "origin": [7, 7, 6]},
			"faces": {
				"north": {"uv": [8.75, 5.5, 9.25, 6], "texture": "#0"},
				"east": {"uv": [7.75, 2, 8.75, 2.5], "texture": "#0"},
				"south": {"uv": [8.75, 6.75, 9.25, 7.25], "texture": "#0"},
				"west": {"uv": [7.75, 2.5, 8.75, 3], "texture": "#0"},
				"up": {"uv": [8.25, 4, 7.75, 3], "texture": "#0"},
				"down": {"uv": [8.25, 4, 7.75, 5], "texture": "#0"}
			}
		},
		{
			"from": [6.76, 21.76, 5.76],
			"to": [9.24, 24.24, 9.24],
			"rotation": {"angle": 0, "axis": "y", "origin": [7, 10, 7]},
			"faces": {
				"north": {"uv": [8.75, 7.25, 9.25, 7.75], "texture": "#0"},
				"east": {"uv": [8.25, 0.75, 9, 1.25], "texture": "#0"},
				"south": {"uv": [8.75, 7.75, 9.25, 8.25], "texture": "#0"},
				"west": {"uv": [8.25, 1.25, 9, 1.75], "texture": "#0"},
				"up": {"uv": [8.75, 3.75, 8.25, 3], "texture": "#0"},
				"down": {"uv": [8.75, 3.75, 8.25, 4.5], "texture": "#0"}
			}
		},
		{
			"from": [7, -10, 9],
			"to": [9, -9, 10],
			"rotation": {"angle": 0, "axis": "y", "origin": [7, 2, 7]},
			"faces": {
				"north": {"uv": [9.25, 9, 9.75, 9.25], "texture": "#0"},
				"east": {"uv": [8, 6.75, 8.25, 7], "texture": "#0"},
				"south": {"uv": [9.25, 9.25, 9.75, 9.5], "texture": "#0"},
				"west": {"uv": [8.75, 9.5, 9, 9.75], "texture": "#0"},
				"up": {"uv": [10, 1, 9.5, 0.75], "texture": "#0"},
				"down": {"uv": [10, 1, 9.5, 1.25], "texture": "#0"}
			}
		},
		{
			"from": [6.75, -3.25, 6.75],
			"to": [9.25, 16.25, 9.25],
			"rotation": {"angle": 0, "axis": "y", "origin": [7, 2, 7]},
			"faces": {
				"north": {"uv": [5.5, 0, 6, 4.75], "texture": "#0"},
				"east": {"uv": [5.5, 4.75, 6, 9.5], "texture": "#0"},
				"south": {"uv": [6, 0, 6.5, 4.75], "texture": "#0"},
				"west": {"uv": [6, 4.75, 6.5, 9.5], "texture": "#0"},
				"up": {"uv": [9.25, 8.75, 8.75, 8.25], "texture": "#0"},
				"down": {"uv": [9.25, 8.75, 8.75, 9.25], "texture": "#0"}
			}
		},
		{
			"from": [7, 16, 6],
			"to": [9, 17, 7],
			"rotation": {"angle": 0, "axis": "y", "origin": [7, 2, 6]},
			"faces": {
				"north": {"uv": [9.5, 1.25, 10, 1.5], "texture": "#0"},
				"east": {"uv": [9, 9.5, 9.25, 9.75], "texture": "#0"},
				"south": {"uv": [9.5, 1.5, 10, 1.75], "texture": "#0"},
				"west": {"uv": [9.25, 9.5, 9.5, 9.75], "texture": "#0"},
				"up": {"uv": [6, 9.75, 5.5, 9.5], "texture": "#0"},
				"down": {"uv": [6.5, 9.5, 6, 9.75], "texture": "#0"}
			}
		},
		{
			"from": [6.75, -9.25, 6.75],
			"to": [9.25, -2.75, 10.25],
			"rotation": {"angle": 0, "axis": "y", "origin": [7, 3, 7]},
			"faces": {
				"north": {"uv": [6.5, 6, 7, 7.5], "texture": "#0"},
				"east": {"uv": [6.5, 0, 7.25, 1.5], "texture": "#0"},
				"south": {"uv": [7, 6, 7.5, 7.5], "texture": "#0"},
				"west": {"uv": [6.5, 1.5, 7.25, 3], "texture": "#0"},
				"up": {"uv": [8.75, 5.25, 8.25, 4.5], "texture": "#0"},
				"down": {"uv": [8.75, 5.25, 8.25, 6], "texture": "#0"}
			}
		},
		{
			"from": [7, -9, 7],
			"to": [9, -3, 10],
			"rotation": {"angle": 0, "axis": "y", "origin": [7, 3, 7]},
			"faces": {
				"north": {"uv": [7.25, 0, 7.75, 1.5], "texture": "#0"},
				"east": {"uv": [6.5, 3, 7.25, 4.5], "texture": "#0"},
				"south": {"uv": [7.25, 1.5, 7.75, 3], "texture": "#0"},
				"west": {"uv": [6.5, 4.5, 7.25, 6], "texture": "#0"},
				"up": {"uv": [8.75, 7.5, 8.25, 6.75], "texture": "#0"},
				"down": {"uv": [8.75, 7.5, 8.25, 8.25], "texture": "#0"}
			}
		},
		{
			"from": [7, -11, 7],
			"to": [9, -10, 10],
			"rotation": {"angle": 0, "axis": "y", "origin": [7, 1, 7]},
			"faces": {
				"north": {"uv": [9.5, 6, 10, 6.25], "texture": "#0"},
				"east": {"uv": [9.25, 4.25, 10, 4.5], "texture": "#0"},
				"south": {"uv": [9.5, 6.25, 10, 6.5], "texture": "#0"},
				"west": {"uv": [9.25, 4.5, 10, 4.75], "texture": "#0"},
				"up": {"uv": [8.75, 9, 8.25, 8.25], "texture": "#0"},
				"down": {"uv": [9, 6, 8.5, 6.75], "texture": "#0"}
			}
		},
		{
			"from": [6.75, -11.025, 6.75],
			"to": [9.25, -9.525, 10.25],
			"rotation": {"angle": 0, "axis": "y", "origin": [7, 1, 7]},
			"faces": {
				"north": {"uv": [6.5, 9.5, 7, 9.75], "texture": "#0"},
				"east": {"uv": [9.25, 4.75, 10, 5], "texture": "#0"},
				"south": {"uv": [7, 9.5, 7.5, 9.75], "texture": "#0"},
				"west": {"uv": [9.25, 5, 10, 5.25], "texture": "#0"},
				"up": {"uv": [7, 9.25, 6.5, 8.5], "texture": "#0"},
				"down": {"uv": [8.25, 8.5, 7.75, 9.25], "texture": "#0"}
			}
		},
		{
			"from": [7, -13, 9],
			"to": [9, -11, 9.025],
			"rotation": {"angle": 0, "axis": "y", "origin": [7, 10, 9]},
			"faces": {
				"north": {"uv": [9, 0.75, 9.5, 1.25], "texture": "#0"},
				"east": {"uv": [7.5, 9.5, 7.75, 10], "texture": "#0"},
				"south": {"uv": [9.5, 0.75, 9, 1.25], "texture": "#0"},
				"west": {"uv": [9.5, 7.5, 9.75, 8], "texture": "#0"},
				"up": {"uv": [8.25, 9.75, 7.75, 9.5], "texture": "#0"},
				"down": {"uv": [8.75, 9.5, 8.25, 9.75], "texture": "#0"}
			}
		}
	],
	"display": {
		"thirdperson_righthand": {
			"translation": [0, 2.5, 2]
		},
		"thirdperson_lefthand": {
			"translation": [0, 2.5, 2]
		},
		"firstperson_righthand": {
			"rotation": [24, 0, 0],
			"translation": [0.25, 1, 0.75],
			"scale": [0.47, 0.47, 0.47]
		},
		"firstperson_lefthand": {
			"rotation": [24, 0, 0],
			"translation": [0.25, 1, 0.75],
			"scale": [0.47, 0.47, 0.47]
		},
		"ground": {
			"rotation": [46, 0, 0],
			"translation": [0, 4.5, 0],
			"scale": [0.5, 0.5, 0.5]
		},
		"gui": {
			"rotation": [123.58, 41.66, -111.48],
			"scale": [0.44, 0.44, 0.44]
		},
		"fixed": {
			"rotation": [0, 90, 0],
			"scale": [0.4, 0.4, 0.4]
		}
	},
	"groups": [
		{
			"name": "anubis_staff",
			"origin": [7, 9, 6],
			"color": 0,
			"children": [
				{
					"name": "rune",
					"origin": [14, 20, 8],
					"color": 0,
					"children": [0]
				},
				1,
				2,
				3,
				4,
				5,
				6,
				7,
				8,
				9,
				10,
				11,
				12,
				13,
				14,
				15,
				16,
				17,
				18,
				19,
				20
			]
		}
	]
}